:START_ID,:END_ID,:TYPE
e2067,e2068,contain
e2067,e2066,contain
e2067,e2069,contain
e2062,e2063,contain
e2062,e2061,contain
e951,e952,contain
e951,e950,contain
e951,e953,contain
e1994,e1997,contain
e1994,e1993,contain
e1994,e2000,contain
e1994,e2001,contain
e1136,e1135,contain
e1136,e1138,contain
e617,e619,contain
e617,e615,contain
e617,e618,contain
e617,e616,contain
e617,e620,contain
e1985,e1984,contain
e1985,e1986,contain
e1985,e1987,contain
e1985,e1983,contain
e1985,e1988,contain
e1971,e1970,contain
e1971,e1972,contain
e1971,e1969,contain
e1971,e1973,contain
e1926,e1928,contain
e1926,e1927,contain
e1926,e1925,contain
e1922,e1921,contain
e944,e943,contain
e1890,e1893,contain
e1890,e1891,contain
e1890,e1889,contain
e1890,e1888,contain
e1890,e1892,contain
e320,e323,contain
e320,e319,contain
e320,e317,contain
e320,e318,contain
e320,e324,contain
e1823,e1825,contain
e1823,e1822,contain
e706,e705,contain
e706,e711,contain
e1047,e1055,contain
e1047,e1049,contain
e1047,e1046,contain
e1047,e1048,contain
e1541,e1545,contain
e1541,e1540,contain
e1541,e1542,contain
e1541,e1539,contain
e783,e785,contain
e783,e784,contain
e1479,e1481,contain
e1479,e1480,contain
e1479,e1483,contain
e1479,e1478,contain
e1479,e1482,contain
e1451,e1453,contain
e1451,e1452,contain
e1451,e1450,contain
e1451,e1454,contain
e1423,e1425,contain
e1423,e1424,contain
e1423,e1422,contain
e1423,e1421,contain
e1175,e1176,contain
e903,e900,contain
e903,e902,contain
e903,e901,contain
e1331,e1330,contain
e1315,e1314,contain
e1944,e1943,contain
e936,e935,contain
e936,e937,contain
e936,e939,contain
e936,e938,contain
e876,e875,contain
e656,e655,contain
e656,e654,contain
e1496,e1497,contain
e911,e910,contain
e911,e915,contain
e911,e912,contain
e911,e921,contain
e911,e913,contain
e532,e531,contain
e2221,e2222,contain
e2217,e2218,contain
e787,e788,contain
e787,e786,contain
e1854,e1855,contain
e1807,e1806,contain
e1178,e1177,contain
e1178,e1179,contain
e1178,e1187,contain
e793,e794,contain
e793,e792,contain
e793,e802,contain
e793,e791,contain
e2133,e2135,contain
e2133,e2131,contain
e2133,e2130,contain
e2133,e2132,contain
e2133,e2134,contain
e2109,e2108,contain
e2109,e2107,contain
e2109,e2111,contain
e2109,e2110,contain
e2100,e2099,contain
e2100,e2101,contain
e2076,e2077,contain
e2076,e2075,contain
e2076,e2079,contain
e2073,e2072,contain
e2073,e2074,contain
e1965,e1964,contain
e1875,e1874,contain
e1875,e1873,contain
e1869,e1868,contain
e1869,e1870,contain
e1869,e1871,contain
e1512,e1511,contain
e1512,e1513,contain
e1508,e1509,contain
e1508,e1507,contain
e1508,e1510,contain
e1506,e1505,contain
e835,e834,contain
e835,e836,contain
e659,e661,contain
e659,e658,contain
e659,e660,contain
e659,e662,contain
e645,e644,contain
e2103,e2102,contain
e2103,e2104,contain
e1910,e1912,contain
e1910,e1911,contain
e1910,e1909,contain
e996,e997,contain
e643,e642,contain
e640,e639,contain
e1916,e1915,contain
e1916,e1914,contain
e1916,e1917,contain
e1916,e1918,contain
e2198,e2197,contain
e1597,e1606,contain
e1597,e1594,contain
e1597,e1603,contain
e1597,e1596,contain
e1597,e1598,contain
e1597,e1595,contain
e1597,e1605,contain
e1597,e1599,contain
e2192,e2193,contain
e2192,e2194,contain
e2189,e2188,contain
e2189,e2190,contain
e1499,e1498,contain
e1499,e1500,contain
e1499,e1501,contain
e1413,e1412,contain
e1413,e1414,contain
e963,e962,contain
e930,e929,contain
e930,e932,contain
e930,e931,contain
e847,e848,contain
e847,e849,contain
e700,e699,contain
e459,e458,contain
e459,e457,contain
e459,e461,contain
e459,e462,contain
e301,e300,contain
e301,e303,contain
e301,e302,contain
e301,e304,contain
e295,e294,contain
e295,e296,contain
e1311,e1312,contain
e1311,e1310,contain
e1311,e1313,contain
e1085,e1086,contain
e594,e595,contain
e1674,e1675,contain
e1674,e1684,contain
e1674,e1672,contain
e1674,e1677,contain
e1674,e1676,contain
e1674,e1671,contain
e1674,e1670,contain
e1674,e1673,contain
e1340,e1339,contain
e602,e603,contain
e602,e601,contain
e602,e600,contain
e25,e26,contain
e25,e27,contain
e25,e30,contain
e25,e24,contain
e481,e480,contain
e1901,e1902,contain
e1901,e1900,contain
e1901,e1903,contain
e1897,e1898,contain
e1897,e1896,contain
e1897,e1899,contain
e597,e596,contain
e2158,e2159,contain
e2158,e2157,contain
e2158,e2160,contain
e581,e582,contain
e2155,e2154,contain
e1920,e1919,contain
e1075,e1076,contain
e1039,e1040,contain
e1039,e1041,contain
e1008,e1009,contain
e1008,e1010,contain
e989,e988,contain
e678,e677,contain
e670,e668,contain
e670,e669,contain
e591,e590,contain
e517,e516,contain
e517,e518,contain
e517,e519,contain
e512,e515,contain
e512,e513,contain
e512,e510,contain
e512,e511,contain
e512,e514,contain
e856,e857,contain
e856,e855,contain
e856,e858,contain
e853,e854,contain
e274,e275,contain
e1037,e1038,contain
e1037,e1036,contain
e817,e818,contain
e2139,e2138,contain
e630,e629,contain
e630,e632,contain
e630,e631,contain
e630,e628,contain
e1860,e1859,contain
e638,e637,contain
e2145,e2144,contain
e2145,e2146,contain
e1667,e1666,contain
e2128,e2127,contain
e2060,e2058,contain
e2060,e2059,contain
e1516,e1515,contain
e1516,e1514,contain
e1516,e1518,contain
e1516,e1517,contain
e1391,e1388,contain
e1391,e1387,contain
e1391,e1390,contain
e1391,e1389,contain
e1391,e1392,contain
e593,e592,contain
e571,e569,contain
e571,e568,contain
e571,e570,contain
e474,e473,contain
e471,e470,contain
e471,e469,contain
e282,e281,contain
e2,e1,contain
e1797,e1796,contain
e443,e442,contain
e1281,e1282,contain
e1281,e1280,contain
e1281,e1287,contain
e23,e22,contain
e556,e555,contain
e2089,e2088,contain
e2064,e2065,contain
e1083,e1084,contain
e897,e898,contain
e521,e522,contain
e959,e961,contain
e959,e960,contain
e959,e958,contain
e954,e955,contain
e1044,e1043,contain
e1044,e1042,contain
e446,e447,contain
e446,e445,contain
e446,e444,contain
e2094,e2095,contain
e2094,e2096,contain
e2094,e2093,contain
e2091,e2092,contain
e1074,e1073,contain
e1411,e1410,contain
e907,e906,contain
e907,e908,contain
e907,e909,contain
e1304,e1306,contain
e1304,e1305,contain
e2053,e2052,contain
e2053,e2050,contain
e2053,e2051,contain
e1102,e1101,contain
e1089,e1088,contain
e4,e3,contain
e622,e623,contain
e1566,e1565,contain
e1564,e1563,contain
e1562,e1561,contain
e832,e831,contain
e1968,e1966,contain
e1968,e1967,contain
e1939,e1941,contain
e1939,e1940,contain
e1939,e1938,contain
e506,e509,contain
e506,e507,contain
e506,e505,contain
e506,e504,contain
e506,e508,contain
e1571,e1572,contain
e1571,e1568,contain
e1571,e1570,contain
e1571,e1573,contain
e1571,e1569,contain
e948,e949,contain
e1954,e1953,contain
e1665,e1664,contain
e1351,e1350,contain
e1351,e1352,contain
e1949,e1948,contain
e999,e998,contain
e1849,e1848,contain
e1383,e1382,contain
e782,e781,contain
e1936,e1935,contain
e1936,e1934,contain
e1936,e1937,contain
e1932,e1933,contain
e1906,e1904,contain
e1906,e1907,contain
e1906,e1908,contain
e1906,e1905,contain
e1883,e1886,contain
e1883,e1884,contain
e1883,e1882,contain
e1883,e1885,contain
e1880,e1879,contain
e1880,e1881,contain
e1930,e1931,contain
e1930,e1929,contain
e829,e828,contain
e1495,e1494,contain
e1490,e1491,contain
e1488,e1489,contain
e1080,e1082,contain
e1080,e1081,contain
e1078,e1079,contain
e1857,e1858,contain
e1574,e1576,contain
e1574,e1575,contain
e1845,e1844,contain
e1492,e1493,contain
e819,e820,contain
e864,e863,contain
e824,e823,contain
e824,e825,contain
e824,e822,contain
e1878,e1877,contain
e1292,e1291,contain
e1292,e1290,contain
e1659,e1660,contain
e1299,e1300,contain
e1299,e1298,contain
e1273,e1272,contain
e526,e527,contain
e526,e525,contain
e526,e528,contain
e526,e529,contain
e466,e465,contain
e1847,e1846,contain
e468,e467,contain
e1819,e1818,contain
e1819,e1820,contain
e1661,e1662,contain
e671,e672,contain
e1584,e1587,contain
e1584,e1583,contain
e1584,e1585,contain
e1584,e1586,contain
e1381,e1380,contain
e871,e872,contain
e871,e873,contain
e430,e431,contain
e430,e432,contain
e1816,e1817,contain
e11,e12,contain
e1537,e1531,contain
e1537,e1530,contain
e1537,e1529,contain
e1537,e1536,contain
e1537,e1532,contain
e1537,e1535,contain
e1537,e1534,contain
e1537,e1533,contain
e1504,e1503,contain
e1354,e1355,contain
e1354,e1353,contain
e1354,e1356,contain
e1385,e1386,contain
e1378,e1379,contain
e1358,e1357,contain
e842,e843,contain
e1167,e1166,contain
e1167,e1168,contain
e674,e673,contain
e839,e840,contain
e695,e694,contain
e703,e702,contain
e624,e625,contain
e553,e552,contain
e553,e554,contain
e452,e451,contain
e452,e453,contain
e440,e441,contain
e433,e435,contain
e433,e434,contain
e292,e293,contain
e652,e651,contain
e1863,e1862,contain
e1863,e1861,contain
e2210,e2211,contain
e2067,e2070,contain
e2067,e2071,contain
e1994,e2044,contain
e1994,e2038,contain
e1994,e2033,contain
e1994,e2023,contain
e1994,e2003,contain
e1994,e2010,contain
e1994,e2029,contain
e1994,e2024,contain
e1994,e2013,contain
e1994,e2016,contain
e1994,e2040,contain
e1994,e2047,contain
e1994,e2043,contain
e1994,e2027,contain
e1994,e2046,contain
e1994,e2021,contain
e1994,e2031,contain
e1994,e2048,contain
e1994,e2030,contain
e1994,e2032,contain
e1994,e2028,contain
e1994,e2011,contain
e1994,e2045,contain
e1994,e2049,contain
e1994,e2042,contain
e1994,e2002,contain
e1136,e1153,contain
e1136,e1150,contain
e1136,e1144,contain
e1136,e1149,contain
e1136,e1143,contain
e1136,e1161,contain
e1136,e1160,contain
e1136,e1165,contain
e617,e621,contain
e1985,e1991,contain
e1985,e1990,contain
e1985,e1989,contain
e1971,e1982,contain
e1971,e1981,contain
e1971,e1978,contain
e1971,e1979,contain
e1971,e1976,contain
e1971,e1974,contain
e1971,e1975,contain
e1971,e1977,contain
e944,e946,contain
e944,e947,contain
e1890,e1895,contain
e1890,e1894,contain
e320,e401,contain
e320,e400,contain
e320,e360,contain
e320,e342,contain
e320,e366,contain
e320,e335,contain
e320,e353,contain
e320,e365,contain
e320,e352,contain
e320,e358,contain
e320,e329,contain
e320,e357,contain
e320,e354,contain
e320,e376,contain
e320,e375,contain
e320,e413,contain
e320,e418,contain
e320,e347,contain
e320,e351,contain
e320,e426,contain
e320,e414,contain
e320,e422,contain
e320,e377,contain
e320,e428,contain
e320,e416,contain
e320,e410,contain
e320,e415,contain
e320,e424,contain
e320,e389,contain
e320,e327,contain
e320,e404,contain
e320,e403,contain
e320,e337,contain
e320,e386,contain
e320,e348,contain
e320,e359,contain
e320,e429,contain
e320,e368,contain
e320,e350,contain
e320,e349,contain
e320,e367,contain
e320,e425,contain
e320,e341,contain
e320,e378,contain
e320,e361,contain
e320,e423,contain
e320,e344,contain
e320,e392,contain
e320,e391,contain
e320,e345,contain
e320,e390,contain
e320,e339,contain
e320,e373,contain
e320,e374,contain
e320,e333,contain
e320,e332,contain
e320,e399,contain
e320,e385,contain
e320,e384,contain
e320,e402,contain
e320,e331,contain
e320,e325,contain
e320,e396,contain
e320,e419,contain
e320,e412,contain
e320,e411,contain
e320,e394,contain
e320,e393,contain
e320,e372,contain
e320,e379,contain
e320,e328,contain
e320,e420,contain
e320,e326,contain
e320,e338,contain
e320,e406,contain
e320,e380,contain
e320,e382,contain
e320,e381,contain
e320,e387,contain
e320,e340,contain
e320,e388,contain
e320,e334,contain
e320,e408,contain
e320,e421,contain
e320,e383,contain
e320,e370,contain
e320,e364,contain
e320,e363,contain
e320,e362,contain
e320,e346,contain
e320,e330,contain
e320,e395,contain
e320,e371,contain
e320,e405,contain
e320,e417,contain
e320,e398,contain
e320,e407,contain
e320,e427,contain
e320,e397,contain
e320,e369,contain
e320,e409,contain
e320,e336,contain
e320,e343,contain
e1823,e1831,contain
e1823,e1829,contain
e1823,e1828,contain
e1823,e1827,contain
e1823,e1842,contain
e1823,e1843,contain
e1823,e1840,contain
e1823,e1839,contain
e1823,e1838,contain
e1823,e1837,contain
e1823,e1835,contain
e1823,e1834,contain
e1823,e1833,contain
e1823,e1832,contain
e1823,e1826,contain
e1823,e1836,contain
e1823,e1830,contain
e1823,e1841,contain
e706,e779,contain
e706,e778,contain
e706,e776,contain
e706,e775,contain
e706,e774,contain
e706,e773,contain
e706,e772,contain
e706,e771,contain
e706,e768,contain
e706,e770,contain
e706,e769,contain
e706,e766,contain
e706,e758,contain
e706,e755,contain
e706,e752,contain
e706,e751,contain
e706,e754,contain
e706,e753,contain
e706,e750,contain
e706,e744,contain
e706,e739,contain
e706,e738,contain
e706,e736,contain
e706,e735,contain
e706,e734,contain
e706,e733,contain
e706,e732,contain
e706,e731,contain
e706,e730,contain
e706,e728,contain
e706,e722,contain
e706,e721,contain
e706,e720,contain
e706,e719,contain
e706,e718,contain
e706,e716,contain
e706,e715,contain
e706,e712,contain
e706,e780,contain
e706,e767,contain
e706,e759,contain
e706,e746,contain
e706,e723,contain
e706,e743,contain
e706,e729,contain
e706,e742,contain
e706,e717,contain
e706,e757,contain
e706,e777,contain
e706,e713,contain
e706,e741,contain
e706,e756,contain
e706,e714,contain
e706,e740,contain
e706,e737,contain
e1047,e1071,contain
e1047,e1065,contain
e1047,e1064,contain
e1047,e1072,contain
e1047,e1054,contain
e1047,e1051,contain
e1047,e1059,contain
e1047,e1057,contain
e1047,e1068,contain
e1047,e1070,contain
e1047,e1063,contain
e1047,e1069,contain
e1047,e1058,contain
e1047,e1056,contain
e1047,e1066,contain
e1047,e1067,contain
e1047,e1060,contain
e1047,e1062,contain
e1047,e1061,contain
e1541,e1559,contain
e1541,e1557,contain
e1541,e1556,contain
e1541,e1554,contain
e1541,e1552,contain
e1541,e1546,contain
e1541,e1551,contain
e1541,e1553,contain
e1479,e1487,contain
e1479,e1486,contain
e1479,e1485,contain
e1479,e1484,contain
e1451,e1461,contain
e1451,e1464,contain
e1451,e1457,contain
e1451,e1471,contain
e1451,e1468,contain
e1451,e1472,contain
e1451,e1460,contain
e1451,e1475,contain
e1451,e1459,contain
e1451,e1456,contain
e1451,e1455,contain
e1451,e1458,contain
e1451,e1469,contain
e1451,e1466,contain
e1451,e1465,contain
e1451,e1473,contain
e1451,e1462,contain
e1451,e1474,contain
e1451,e1467,contain
e1451,e1470,contain
e1423,e1442,contain
e1423,e1430,contain
e1423,e1429,contain
e1423,e1426,contain
e1423,e1431,contain
e1423,e1441,contain
e1423,e1432,contain
e1423,e1428,contain
e1423,e1427,contain
e1423,e1443,contain
e1423,e1440,contain
e903,e905,contain
e1331,e1332,contain
e1315,e1324,contain
e1315,e1318,contain
e1315,e1317,contain
e1944,e1946,contain
e1944,e1947,contain
e936,e940,contain
e876,e880,contain
e876,e890,contain
e876,e886,contain
e876,e885,contain
e656,e657,contain
e911,e926,contain
e911,e924,contain
e911,e922,contain
e911,e923,contain
e911,e925,contain
e911,e918,contain
e911,e919,contain
e911,e917,contain
e911,e916,contain
e911,e920,contain
e532,e549,contain
e532,e535,contain
e532,e538,contain
e532,e539,contain
e532,e546,contain
e532,e537,contain
e532,e543,contain
e532,e541,contain
e532,e536,contain
e532,e545,contain
e532,e548,contain
e532,e540,contain
e532,e547,contain
e532,e551,contain
e532,e550,contain
e2221,e2298,contain
e2221,e2290,contain
e2221,e2280,contain
e2221,e2255,contain
e2221,e2253,contain
e2221,e2236,contain
e2221,e2226,contain
e2221,e2323,contain
e2221,e2322,contain
e2221,e2292,contain
e2221,e2291,contain
e2221,e2287,contain
e2221,e2286,contain
e2221,e2285,contain
e2221,e2283,contain
e2221,e2237,contain
e2221,e2231,contain
e2221,e2315,contain
e2221,e2260,contain
e2221,e2259,contain
e2221,e2277,contain
e2221,e2258,contain
e2221,e2239,contain
e2221,e2265,contain
e2221,e2294,contain
e2221,e2263,contain
e2221,e2302,contain
e2221,e2254,contain
e2221,e2318,contain
e2221,e2243,contain
e2221,e2293,contain
e2221,e2249,contain
e2221,e2262,contain
e2221,e2275,contain
e2221,e2306,contain
e2221,e2303,contain
e2221,e2305,contain
e2221,e2247,contain
e2221,e2232,contain
e2221,e2229,contain
e2221,e2252,contain
e2221,e2240,contain
e2221,e2307,contain
e2221,e2328,contain
e2221,e2248,contain
e2221,e2242,contain
e2221,e2278,contain
e2221,e2268,contain
e2221,e2288,contain
e2221,e2235,contain
e2221,e2317,contain
e2221,e2289,contain
e2221,e2295,contain
e2221,e2250,contain
e2221,e2327,contain
e2221,e2312,contain
e2221,e2274,contain
e2221,e2267,contain
e2221,e2245,contain
e2221,e2281,contain
e2221,e2330,contain
e2221,e2326,contain
e2221,e2324,contain
e2221,e2227,contain
e2221,e2273,contain
e2221,e2269,contain
e2221,e2279,contain
e2221,e2244,contain
e2221,e2256,contain
e2221,e2321,contain
e2221,e2228,contain
e2221,e2266,contain
e2221,e2320,contain
e2221,e2319,contain
e2221,e2238,contain
e2221,e2234,contain
e2221,e2233,contain
e2221,e2316,contain
e2221,e2272,contain
e2221,e2225,contain
e2221,e2264,contain
e2221,e2224,contain
e2221,e2335,contain
e2221,e2334,contain
e2221,e2313,contain
e2221,e2314,contain
e2221,e2284,contain
e2221,e2325,contain
e2221,e2333,contain
e2221,e2332,contain
e2221,e2261,contain
e2221,e2230,contain
e2221,e2311,contain
e2221,e2331,contain
e2221,e2282,contain
e2221,e2257,contain
e2221,e2223,contain
e2221,e2276,contain
e2221,e2241,contain
e2221,e2271,contain
e2221,e2270,contain
e2221,e2329,contain
e2221,e2308,contain
e2221,e2309,contain
e2221,e2310,contain
e2221,e2304,contain
e2221,e2301,contain
e2221,e2299,contain
e2221,e2300,contain
e2221,e2297,contain
e2221,e2251,contain
e2221,e2246,contain
e2221,e2296,contain
e2217,e2219,contain
e787,e789,contain
e1854,e1856,contain
e1807,e1811,contain
e1807,e1810,contain
e1807,e1808,contain
e1807,e1809,contain
e1807,e1814,contain
e1807,e1813,contain
e1807,e1812,contain
e1178,e1262,contain
e1178,e1260,contain
e1178,e1208,contain
e1178,e1202,contain
e1178,e1258,contain
e1178,e1192,contain
e1178,e1245,contain
e1178,e1244,contain
e1178,e1242,contain
e1178,e1239,contain
e1178,e1236,contain
e1178,e1235,contain
e1178,e1234,contain
e1178,e1233,contain
e1178,e1232,contain
e1178,e1223,contain
e1178,e1231,contain
e1178,e1229,contain
e1178,e1228,contain
e1178,e1227,contain
e1178,e1222,contain
e1178,e1219,contain
e1178,e1214,contain
e1178,e1212,contain
e1178,e1210,contain
e1178,e1207,contain
e1178,e1206,contain
e1178,e1205,contain
e1178,e1203,contain
e1178,e1201,contain
e1178,e1200,contain
e1178,e1199,contain
e1178,e1198,contain
e1178,e1197,contain
e1178,e1196,contain
e1178,e1194,contain
e1178,e1193,contain
e1178,e1252,contain
e1178,e1259,contain
e1178,e1247,contain
e1178,e1224,contain
e1178,e1191,contain
e1178,e1230,contain
e1178,e1195,contain
e1178,e1237,contain
e1178,e1211,contain
e1178,e1204,contain
e1178,e1261,contain
e1178,e1218,contain
e1178,e1217,contain
e1178,e1243,contain
e1178,e1240,contain
e1178,e1213,contain
e1178,e1238,contain
e1178,e1190,contain
e1178,e1189,contain
e1178,e1188,contain
e1178,e1241,contain
e1178,e1209,contain
e1178,e1215,contain
e793,e814,contain
e793,e796,contain
e793,e815,contain
e793,e813,contain
e793,e809,contain
e793,e812,contain
e793,e805,contain
e793,e806,contain
e793,e808,contain
e793,e807,contain
e793,e810,contain
e793,e811,contain
e793,e804,contain
e793,e803,contain
e2133,e2137,contain
e2109,e2113,contain
e2109,e2115,contain
e2109,e2112,contain
e2109,e2114,contain
e2109,e2118,contain
e2109,e2120,contain
e2109,e2122,contain
e2109,e2121,contain
e2109,e2116,contain
e2109,e2119,contain
e2109,e2117,contain
e2109,e2123,contain
e2109,e2125,contain
e2109,e2124,contain
e2076,e2078,contain
e2076,e2087,contain
e2076,e2086,contain
e2076,e2085,contain
e2076,e2084,contain
e2076,e2083,contain
e2076,e2082,contain
e2076,e2081,contain
e2076,e2080,contain
e1869,e1872,contain
e835,e837,contain
e659,e664,contain
e659,e663,contain
e659,e666,contain
e659,e665,contain
e659,e667,contain
e646,e647,contain
e17,e18,contain
e17,e19,contain
e2103,e2105,contain
e1910,e1913,contain
e684,e686,contain
e684,e685,contain
e640,e641,contain
e990,e992,contain
e990,e991,contain
e990,e995,contain
e990,e993,contain
e990,e994,contain
e982,e986,contain
e982,e987,contain
e982,e984,contain
e982,e983,contain
e982,e985,contain
e687,e689,contain
e687,e688,contain
e2198,e2203,contain
e2198,e2204,contain
e2198,e2202,contain
e2198,e2200,contain
e2198,e2199,contain
e2198,e2201,contain
e1597,e1607,contain
e1597,e1643,contain
e1597,e1655,contain
e1597,e1644,contain
e1597,e1645,contain
e1597,e1620,contain
e1597,e1648,contain
e1597,e1621,contain
e1597,e1625,contain
e1597,e1652,contain
e1597,e1651,contain
e1597,e1640,contain
e1597,e1642,contain
e1597,e1637,contain
e1597,e1636,contain
e1597,e1622,contain
e1597,e1650,contain
e1597,e1647,contain
e1597,e1619,contain
e1597,e1608,contain
e1597,e1627,contain
e1597,e1624,contain
e1597,e1613,contain
e1597,e1611,contain
e1597,e1623,contain
e1597,e1634,contain
e1597,e1614,contain
e1597,e1615,contain
e1597,e1658,contain
e1597,e1657,contain
e1597,e1656,contain
e1597,e1641,contain
e1597,e1639,contain
e1597,e1638,contain
e1597,e1635,contain
e1597,e1612,contain
e1597,e1604,contain
e1597,e1633,contain
e1597,e1626,contain
e1597,e1617,contain
e1597,e1629,contain
e1597,e1609,contain
e1597,e1646,contain
e1597,e1654,contain
e1597,e1649,contain
e1597,e1653,contain
e2192,e2196,contain
e2192,e2195,contain
e2189,e2191,contain
e1499,e1502,contain
e963,e978,contain
e963,e977,contain
e963,e971,contain
e963,e970,contain
e963,e966,contain
e963,e975,contain
e963,e967,contain
e963,e976,contain
e963,e964,contain
e963,e980,contain
e963,e979,contain
e963,e969,contain
e963,e981,contain
e963,e968,contain
e963,e974,contain
e963,e973,contain
e963,e972,contain
e963,e965,contain
e930,e933,contain
e930,e934,contain
e847,e852,contain
e847,e851,contain
e847,e850,contain
e700,e701,contain
e459,e463,contain
e459,e464,contain
e301,e308,contain
e301,e306,contain
e301,e305,contain
e301,e307,contain
e295,e297,contain
e295,e298,contain
e295,e299,contain
e1085,e1087,contain
e1674,e1735,contain
e1674,e1702,contain
e1674,e1758,contain
e1674,e1708,contain
e1674,e1788,contain
e1674,e1784,contain
e1674,e1771,contain
e1674,e1757,contain
e1674,e1747,contain
e1674,e1746,contain
e1674,e1745,contain
e1674,e1700,contain
e1674,e1697,contain
e1674,e1777,contain
e1674,e1775,contain
e1674,e1774,contain
e1674,e1773,contain
e1674,e1772,contain
e1674,e1765,contain
e1674,e1738,contain
e1674,e1730,contain
e1674,e1705,contain
e1674,e1754,contain
e1674,e1707,contain
e1674,e1789,contain
e1674,e1790,contain
e1674,e1718,contain
e1674,e1704,contain
e1674,e1782,contain
e1674,e1764,contain
e1674,e1711,contain
e1674,e1716,contain
e1674,e1752,contain
e1674,e1722,contain
e1674,e1709,contain
e1674,e1750,contain
e1674,e1769,contain
e1674,e1763,contain
e1674,e1698,contain
e1674,e1768,contain
e1674,e1767,contain
e1674,e1744,contain
e1674,e1713,contain
e1674,e1736,contain
e1674,e1714,contain
e1674,e1787,contain
e1674,e1726,contain
e1674,e1756,contain
e1674,e1737,contain
e1674,e1701,contain
e1674,e1691,contain
e1674,e1766,contain
e1674,e1706,contain
e1674,e1781,contain
e1674,e1755,contain
e1674,e1780,contain
e1674,e1779,contain
e1674,e1778,contain
e1674,e1690,contain
e1674,e1770,contain
e1674,e1703,contain
e1674,e1688,contain
e1674,e1743,contain
e1674,e1729,contain
e1674,e1689,contain
e1674,e1720,contain
e1674,e1719,contain
e1674,e1695,contain
e1674,e1694,contain
e1674,e1749,contain
e1674,e1725,contain
e1674,e1693,contain
e1674,e1724,contain
e1674,e1728,contain
e1674,e1776,contain
e1674,e1715,contain
e1674,e1699,contain
e1674,e1727,contain
e1674,e1717,contain
e1674,e1710,contain
e1674,e1751,contain
e1674,e1687,contain
e1674,e1723,contain
e1674,e1685,contain
e1674,e1686,contain
e1674,e1712,contain
e1674,e1753,contain
e1674,e1742,contain
e1674,e1721,contain
e1674,e1692,contain
e1674,e1740,contain
e1674,e1739,contain
e1340,e1345,contain
e1340,e1343,contain
e1340,e1342,contain
e602,e606,contain
e602,e607,contain
e602,e610,contain
e602,e609,contain
e602,e611,contain
e602,e608,contain
e25,e103,contain
e25,e242,contain
e25,e243,contain
e25,e264,contain
e25,e268,contain
e25,e164,contain
e25,e165,contain
e25,e166,contain
e25,e152,contain
e25,e144,contain
e25,e142,contain
e25,e31,contain
e25,e49,contain
e25,e246,contain
e25,e245,contain
e25,e244,contain
e25,e184,contain
e25,e108,contain
e25,e32,contain
e25,e211,contain
e25,e237,contain
e25,e267,contain
e25,e73,contain
e25,e111,contain
e25,e107,contain
e25,e179,contain
e25,e126,contain
e25,e156,contain
e25,e154,contain
e25,e153,contain
e25,e80,contain
e25,e134,contain
e25,e138,contain
e25,e137,contain
e25,e47,contain
e25,e92,contain
e25,e94,contain
e25,e93,contain
e25,e44,contain
e25,e51,contain
e25,e191,contain
e25,e189,contain
e25,e157,contain
e25,e145,contain
e25,e262,contain
e25,e263,contain
e25,e261,contain
e25,e65,contain
e25,e176,contain
e25,e249,contain
e25,e248,contain
e25,e106,contain
e25,e146,contain
e25,e182,contain
e25,e91,contain
e25,e86,contain
e25,e88,contain
e25,e99,contain
e25,e78,contain
e25,e167,contain
e25,e239,contain
e25,e150,contain
e25,e118,contain
e25,e226,contain
e25,e196,contain
e25,e159,contain
e25,e235,contain
e25,e185,contain
e25,e183,contain
e25,e114,contain
e25,e62,contain
e25,e202,contain
e25,e175,contain
e25,e34,contain
e25,e127,contain
e25,e90,contain
e25,e256,contain
e25,e236,contain
e25,e54,contain
e25,e81,contain
e25,e197,contain
e25,e260,contain
e25,e64,contain
e25,e63,contain
e25,e105,contain
e25,e241,contain
e25,e233,contain
e25,e171,contain
e25,e139,contain
e25,e198,contain
e25,e76,contain
e25,e120,contain
e25,e195,contain
e25,e75,contain
e25,e253,contain
e25,e130,contain
e25,e36,contain
e25,e60,contain
e25,e124,contain
e25,e136,contain
e25,e220,contain
e25,e174,contain
e25,e95,contain
e25,e112,contain
e25,e128,contain
e25,e225,contain
e25,e215,contain
e25,e173,contain
e25,e43,contain
e25,e101,contain
e25,e247,contain
e25,e203,contain
e25,e201,contain
e25,e84,contain
e25,e79,contain
e25,e131,contain
e25,e212,contain
e25,e193,contain
e25,e180,contain
e25,e177,contain
e25,e163,contain
e25,e230,contain
e25,e135,contain
e25,e87,contain
e25,e82,contain
e25,e188,contain
e25,e104,contain
e25,e48,contain
e25,e69,contain
e25,e231,contain
e25,e200,contain
e25,e116,contain
e25,e113,contain
e25,e110,contain
e25,e254,contain
e25,e250,contain
e25,e216,contain
e25,e209,contain
e25,e186,contain
e25,e172,contain
e25,e148,contain
e25,e38,contain
e25,e33,contain
e25,e68,contain
e25,e61,contain
e25,e41,contain
e25,e100,contain
e25,e218,contain
e25,e162,contain
e25,e140,contain
e25,e240,contain
e25,e206,contain
e25,e187,contain
e25,e102,contain
e25,e46,contain
e25,e40,contain
e25,e42,contain
e25,e70,contain
e25,e59,contain
e25,e97,contain
e25,e271,contain
e25,e270,contain
e25,e273,contain
e25,e133,contain
e25,e190,contain
e25,e178,contain
e25,e55,contain
e25,e210,contain
e25,e161,contain
e25,e122,contain
e25,e217,contain
e25,e214,contain
e25,e169,contain
e25,e89,contain
e25,e83,contain
e25,e39,contain
e25,e141,contain
e25,e168,contain
e25,e119,contain
e25,e266,contain
e25,e224,contain
e25,e50,contain
e25,e269,contain
e25,e204,contain
e25,e181,contain
e25,e259,contain
e25,e155,contain
e25,e45,contain
e25,e125,contain
e25,e228,contain
e25,e121,contain
e25,e67,contain
e25,e147,contain
e25,e208,contain
e25,e151,contain
e25,e35,contain
e25,e37,contain
e25,e129,contain
e25,e143,contain
e25,e74,contain
e25,e72,contain
e25,e53,contain
e25,e132,contain
e25,e238,contain
e25,e222,contain
e25,e85,contain
e25,e257,contain
e25,e221,contain
e25,e207,contain
e25,e170,contain
e25,e199,contain
e25,e252,contain
e25,e71,contain
e25,e117,contain
e25,e205,contain
e25,e158,contain
e25,e219,contain
e25,e229,contain
e25,e227,contain
e25,e52,contain
e25,e66,contain
e25,e149,contain
e25,e57,contain
e25,e251,contain
e25,e223,contain
e25,e109,contain
e25,e272,contain
e25,e192,contain
e25,e77,contain
e25,e160,contain
e25,e194,contain
e25,e258,contain
e25,e234,contain
e25,e58,contain
e25,e115,contain
e25,e123,contain
e2158,e2186,contain
e2158,e2183,contain
e2158,e2176,contain
e2158,e2171,contain
e2158,e2168,contain
e2158,e2167,contain
e2158,e2161,contain
e2158,e2175,contain
e2158,e2165,contain
e2158,e2164,contain
e2158,e2170,contain
e2158,e2182,contain
e2158,e2181,contain
e2158,e2163,contain
e2158,e2185,contain
e2158,e2180,contain
e2158,e2187,contain
e2158,e2178,contain
e2158,e2166,contain
e2158,e2179,contain
e581,e589,contain
e581,e586,contain
e581,e587,contain
e581,e585,contain
e581,e588,contain
e581,e583,contain
e581,e584,contain
e1800,e1802,contain
e1800,e1803,contain
e1800,e1801,contain
e1800,e1804,contain
e1800,e1805,contain
e1347,e1348,contain
e1008,e1031,contain
e1008,e1011,contain
e1008,e1030,contain
e1008,e1026,contain
e1008,e1022,contain
e1008,e1015,contain
e1008,e1018,contain
e1008,e1014,contain
e1008,e1019,contain
e1008,e1012,contain
e1008,e1032,contain
e1008,e1025,contain
e1008,e1035,contain
e1008,e1016,contain
e1008,e1013,contain
e1008,e1023,contain
e1008,e1034,contain
e1008,e1020,contain
e1008,e1017,contain
e1008,e1021,contain
e1008,e1028,contain
e1008,e1027,contain
e1008,e1029,contain
e1008,e1033,contain
e1008,e1024,contain
e678,e683,contain
e678,e682,contain
e678,e681,contain
e678,e679,contain
e678,e680,contain
e517,e520,contain
e856,e861,contain
e856,e859,contain
e856,e862,contain
e856,e860,contain
e1265,e1269,contain
e1265,e1268,contain
e1265,e1266,contain
e1265,e1267,contain
e2139,e2143,contain
e2139,e2141,contain
e2139,e2142,contain
e2139,e2140,contain
e630,e634,contain
e630,e633,contain
e630,e636,contain
e630,e635,contain
e2145,e2152,contain
e2145,e2149,contain
e2145,e2148,contain
e2145,e2151,contain
e2145,e2147,contain
e2145,e2150,contain
e1516,e1527,contain
e1516,e1526,contain
e1516,e1519,contain
e1516,e1525,contain
e1516,e1528,contain
e1391,e1406,contain
e1391,e1401,contain
e1391,e1404,contain
e1391,e1400,contain
e1391,e1397,contain
e1391,e1396,contain
e1391,e1395,contain
e1391,e1402,contain
e1391,e1398,contain
e1391,e1393,contain
e571,e578,contain
e571,e575,contain
e571,e577,contain
e571,e579,contain
e571,e580,contain
e571,e576,contain
e474,e476,contain
e474,e477,contain
e282,e286,contain
e282,e288,contain
e282,e289,contain
e1797,e1798,contain
e1281,e1288,contain
e1281,e1286,contain
e1281,e1289,contain
e556,e564,contain
e556,e563,contain
e556,e561,contain
e556,e560,contain
e556,e559,contain
e556,e558,contain
e2089,e2090,contain
e897,e899,contain
e446,e448,contain
e278,e280,contain
e278,e279,contain
e2094,e2098,contain
e2094,e2097,contain
e1102,e1130,contain
e1102,e1116,contain
e1102,e1131,contain
e1102,e1125,contain
e1102,e1109,contain
e1102,e1110,contain
e1102,e1119,contain
e1102,e1114,contain
e1102,e1124,contain
e1102,e1127,contain
e1102,e1107,contain
e1102,e1113,contain
e1102,e1122,contain
e1102,e1118,contain
e1102,e1121,contain
e1102,e1123,contain
e1102,e1129,contain
e1102,e1126,contain
e1102,e1115,contain
e1102,e1106,contain
e1102,e1120,contain
e1102,e1128,contain
e1102,e1117,contain
e1089,e1098,contain
e1089,e1093,contain
e1089,e1096,contain
e1089,e1099,contain
e1089,e1097,contain
e1089,e1091,contain
e1089,e1090,contain
e1089,e1095,contain
e1089,e1094,contain
e1566,e1567,contain
e1955,e1960,contain
e1955,e1958,contain
e1955,e1957,contain
e1955,e1956,contain
e691,e692,contain
e691,e693,contain
e1949,e1951,contain
e999,e1001,contain
e1849,e1850,contain
e1849,e1852,contain
e1849,e1853,contain
e1849,e1851,contain
e1883,e1887,contain
e829,e830,contain
e1574,e1582,contain
e1574,e1581,contain
e1574,e1577,contain
e1574,e1578,contain
e1574,e1580,contain
e1574,e1579,contain
e1416,e1418,contain
e1416,e1417,contain
e824,e826,contain
e824,e827,contain
e1292,e1296,contain
e1292,e1293,contain
e1292,e1294,contain
e1292,e1295,contain
e1299,e1301,contain
e1299,e1302,contain
e1299,e1303,contain
e1273,e1278,contain
e1273,e1277,contain
e1273,e1274,contain
e1273,e1276,contain
e1273,e1275,contain
e927,e928,contain
e1661,e1663,contain
e1584,e1589,contain
e1584,e1590,contain
e1584,e1593,contain
e1584,e1588,contain
e1584,e1592,contain
e1584,e1591,contain
e485,e493,contain
e485,e503,contain
e485,e502,contain
e485,e501,contain
e485,e500,contain
e485,e499,contain
e485,e498,contain
e485,e497,contain
e485,e496,contain
e485,e495,contain
e485,e494,contain
e485,e492,contain
e485,e491,contain
e485,e490,contain
e485,e489,contain
e485,e488,contain
e485,e487,contain
e485,e486,contain
e1373,e1375,contain
e1373,e1374,contain
e1370,e1371,contain
e941,e942,contain
e695,e696,contain
e695,e697,contain
e695,e698,contain
e703,e704,contain
e2131,e2136,contain
e1672,e1682,contain
e652,e653,contain
e2000,e2015,contain
e2000,e2022,contain
e2000,e2012,contain
e1992,e1995,contain
e1992,e1996,contain
e1969,e1980,contain
e1863,e1865,contain
e1863,e1864,contain
e1359,e1360,contain
e1359,e1361,contain
e1359,e1362,contain
e865,e867,contain
e865,e869,contain
e865,e870,contain
e865,e868,contain
e865,e866,contain
e30,e232,contain
e30,e96,contain
e30,e213,contain
e30,e56,contain
e30,e265,contain
e30,e98,contain
e30,e255,contain
e2210,e2215,contain
e2210,e2214,contain
e2210,e2216,contain
e2210,e2212,contain
e2210,e2213,contain
e879,e890,contain
e878,e886,contain
e877,e880,contain
e1142,e1153,contain
e1141,e1150,contain
e1685,e1696,contain
e1604,e1628,contain
e1544,e1546,contain
e1543,e1559,contain
e1188,e1221,contain
e1188,e1257,contain
e1188,e1220,contain
e1139,e1144,contain
e1140,e1161,contain
e1106,e1108,contain
e605,e610,contain
e605,e609,contain
e604,e607,contain
e2159,e1815,contain
e2159,e1669,contain
e2159,e901,contain
e2159,e626,contain
e2159,e1866,contain
e2159,e456,contain
e2159,e1952,contain
e2159,e1270,contain
e2159,e1349,contain
e857,e480,contain
e857,e1134,contain
e857,e816,contain
e857,e309,contain
e857,e1806,contain
e857,e1364,contain
e857,e316,contain
e857,e314,contain
e857,e1533,contain
e857,e567,contain
e854,e455,contain
e854,e1532,contain
e854,e1271,contain
e854,e276,contain
e854,e2209,contain
e854,e649,contain
e854,e2055,contain
e848,e1531,contain
e848,e846,contain
e848,e1668,contain
e603,e1942,contain
e603,e1263,contain
e603,e599,contain
e582,e1923,contain
e582,e439,contain
e582,e1363,contain
e582,e523,contain
e582,e1924,contain
e582,e565,contain
e2068,e1309,contain
e1997,e1264,contain
e1997,e2205,contain
e1997,e2206,contain
e1997,e833,contain
e1997,e310,contain
e1997,e675,contain
e1997,e1992,contain
e1997,e9,contain
e1997,e1132,contain
e1997,e1821,contain
e1997,e874,contain
e1997,e1279,contain
e1282,e821,contain
e1282,e472,contain
e1282,e2126,contain
e1282,e1792,contain
e1282,e676,contain
e1282,e454,contain
e1282,e315,contain
e1282,e1534,contain
e1282,e2056,contain
e1282,e828,contain
e1282,e449,contain
e1282,e277,contain
e1282,e6,contain
e1282,e598,contain
e1282,e838,contain
e1282,e484,contain
e1282,e482,contain
e1282,e5,contain
e1282,e1365,contain
e1282,e1279,contain
e16,e13,contain
e16,e14,contain
e16,e15,contain
e16,e1538,contain
e1481,e1477,contain
e1481,e1476,contain
e1481,e7,contain
e1453,e1448,contain
e1453,e1447,contain
e1453,e1444,contain
e1453,e1445,contain
e1453,e1449,contain
e1453,e1446,contain
e1425,e1419,contain
e1425,e1420,contain
e1425,e1307,contain
e843,e841,contain
e872,e524,contain
e872,e2106,contain
e872,e566,contain
e872,e2153,contain
e612,e10,contain
e21,e20,contain
e794,e1415,contain
e794,e436,contain
e794,e2054,contain
e794,e790,contain
e788,e1530,contain
e788,e1791,contain
e788,e2207,contain
e1542,e1538,contain
e1176,e1174,contain
e1176,e1173,contain
e1176,e1172,contain
e1176,e1171,contain
e1176,e2208,contain
e1176,e1169,contain
e1176,e1170,contain
e1049,e650,contain
e1049,e1045,contain
e2222,e2057,contain
e2222,e1535,contain
e2222,e844,contain
e2222,e483,contain
e2222,e614,contain
e2222,e1384,contain
e2222,e627,contain
e2222,e8,contain
e2222,e1876,contain
e2222,e845,contain
e2222,e1133,contain
e2222,e530,contain
e2222,e2220,contain
e2218,e613,contain
e1858,e1308,contain
e1297,e1794,contain
e625,e690,contain
e313,e312,contain
e313,e311,contain
e1855,e1077,contain
e1855,e450,contain
e1795,e1794,contain
e1793,e1867,contain
e441,e2129,contain
e441,e13,contain
e960,e957,contain
e960,e956,contain
e840,e1966,contain
e1007,e1005,contain
e1007,e1006,contain
e631,e648,contain
e631,e1366,contain
e631,e2156,contain
e438,e437,contain
e1681,e1768,contain
e1681,e1767,contain
e1681,e1744,contain
e1681,e1743,contain
e1681,e1742,contain
e1052,e1063,contain
e1052,e1062,contain
e1052,e1061,contain
e1999,e2039,contain
e1999,e2037,contain
e1999,e2035,contain
e1999,e2034,contain
e1999,e2036,contain
e1999,e2041,contain
e1999,e2042,contain
e1999,e2002,contain
e1998,e2008,contain
e1998,e2044,contain
e1998,e2020,contain
e1998,e2010,contain
e1998,e2029,contain
e1998,e2026,contain
e1998,e2019,contain
e1998,e2018,contain
e1998,e2009,contain
e1998,e2006,contain
e1998,e2004,contain
e1998,e2005,contain
e1998,e2007,contain
e1998,e2047,contain
e1998,e2043,contain
e1998,e2017,contain
e1998,e2046,contain
e1998,e2031,contain
e1998,e2014,contain
e1998,e2030,contain
e1998,e2028,contain
e1998,e2045,contain
e1998,e2049,contain
e1998,e2025,contain
e1601,e1607,contain
e1601,e1655,contain
e1601,e1625,contain
e1601,e1640,contain
e1601,e1637,contain
e1601,e1636,contain
e1601,e1622,contain
e1601,e1624,contain
e1601,e1658,contain
e1601,e1657,contain
e1601,e1656,contain
e1601,e1641,contain
e1601,e1639,contain
e1601,e1638,contain
e1601,e1635,contain
e1945,e1946,contain
e1945,e1947,contain
e1341,e1346,contain
e1341,e1344,contain
e1316,e1322,contain
e1316,e1326,contain
e1316,e1329,contain
e1316,e1327,contain
e1316,e1325,contain
e1316,e1323,contain
e1316,e1321,contain
e1316,e1320,contain
e1316,e1319,contain
e1316,e1328,contain
e1284,e1288,contain
e1283,e1289,contain
e1105,e1130,contain
e1105,e1116,contain
e1105,e1125,contain
e1105,e1109,contain
e1105,e1108,contain
e1105,e1115,contain
e1105,e1117,contain
e1104,e1112,contain
e1104,e1111,contain
e1104,e1131,contain
e1104,e1119,contain
e1104,e1124,contain
e1104,e1127,contain
e1104,e1122,contain
e1104,e1118,contain
e1104,e1121,contain
e1104,e1123,contain
e1104,e1129,contain
e1104,e1126,contain
e1104,e1120,contain
e1103,e1107,contain
e1103,e1113,contain
e1103,e1128,contain
e1000,e1003,contain
e1000,e1002,contain
e1000,e1004,contain
e945,e946,contain
e945,e947,contain
e914,e926,contain
e904,e905,contain
e801,e805,contain
e801,e808,contain
e801,e804,contain
e800,e803,contain
e799,e806,contain
e795,e814,contain
e795,e815,contain
e795,e813,contain
e795,e809,contain
e795,e812,contain
e795,e807,contain
e795,e810,contain
e795,e811,contain
e574,e577,contain
e574,e576,contain
e573,e579,contain
e572,e575,contain
e534,e544,contain
e533,e542,contain
e475,e476,contain
e475,e478,contain
e475,e479,contain
e284,e285,contain
e284,e287,contain
e283,e291,contain
e283,e290,contain
e1678,e1735,contain
e1678,e1732,contain
e1678,e1788,contain
e1678,e1700,contain
e1678,e1738,contain
e1678,e1734,contain
e1678,e1754,contain
e1678,e1713,contain
e1678,e1736,contain
e1678,e1787,contain
e1678,e1726,contain
e1678,e1737,contain
e1678,e1701,contain
e1678,e1691,contain
e1678,e1731,contain
e1678,e1766,contain
e1678,e1725,contain
e1678,e1693,contain
e1678,e1724,contain
e1678,e1733,contain
e1678,e1692,contain
e1683,e1771,contain
e1683,e1757,contain
e1683,e1775,contain
e1683,e1774,contain
e1683,e1773,contain
e1683,e1772,contain
e1683,e1762,contain
e1683,e1761,contain
e1683,e1759,contain
e1683,e1760,contain
e1683,e1748,contain
e1683,e1715,contain
e1680,e1767,contain
e1680,e1744,contain
e1680,e1743,contain
e1680,e1721,contain
e1679,e1777,contain
e1679,e1789,contain
e1679,e1696,contain
e1679,e1756,contain
e1679,e1706,contain
e1679,e1781,contain
e1679,e1755,contain
e1679,e1780,contain
e1679,e1779,contain
e1679,e1778,contain
e1679,e1729,contain
e1679,e1689,contain
e1679,e1720,contain
e1679,e1719,contain
e1679,e1728,contain
e1679,e1776,contain
e1679,e1727,contain
e322,e376,contain
e322,e375,contain
e322,e339,contain
e322,e373,contain
e322,e374,contain
e322,e417,contain
e322,e398,contain
e322,e407,contain
e322,e427,contain
e322,e343,contain
e321,e356,contain
e321,e358,contain
e321,e355,contain
e321,e357,contain
e321,e413,contain
e321,e414,contain
e321,e415,contain
e321,e424,contain
e321,e389,contain
e321,e327,contain
e321,e425,contain
e321,e341,contain
e321,e378,contain
e321,e423,contain
e321,e325,contain
e321,e396,contain
e321,e419,contain
e321,e326,contain
e321,e338,contain
e321,e387,contain
e321,e340,contain
e321,e388,contain
e321,e395,contain
e1602,e1631,contain
e1602,e1652,contain
e1602,e1651,contain
e1602,e1632,contain
e1602,e1650,contain
e1602,e1628,contain
e1602,e1630,contain
e1602,e1633,contain
e1600,e1607,contain
e1600,e1643,contain
e1600,e1655,contain
e1600,e1644,contain
e1600,e1625,contain
e1600,e1640,contain
e1600,e1642,contain
e1600,e1637,contain
e1600,e1636,contain
e1600,e1622,contain
e1600,e1610,contain
e1600,e1624,contain
e1600,e1611,contain
e1600,e1614,contain
e1600,e1615,contain
e1600,e1658,contain
e1600,e1657,contain
e1600,e1656,contain
e1600,e1641,contain
e1600,e1639,contain
e1600,e1638,contain
e1600,e1635,contain
e707,e729,contain
e709,e713,contain
e709,e741,contain
e709,e756,contain
e709,e714,contain
e709,e740,contain
e709,e737,contain
e1186,e1242,contain
e1186,e1228,contain
e1186,e1214,contain
e1185,e1208,contain
e1185,e1258,contain
e1185,e1192,contain
e1185,e1245,contain
e1185,e1244,contain
e1185,e1239,contain
e1185,e1236,contain
e1185,e1235,contain
e1185,e1234,contain
e1185,e1233,contain
e1185,e1231,contain
e1185,e1227,contain
e1185,e1222,contain
e1185,e1221,contain
e1185,e1212,contain
e1185,e1210,contain
e1185,e1207,contain
e1185,e1206,contain
e1185,e1205,contain
e1185,e1203,contain
e1185,e1201,contain
e1185,e1200,contain
e1185,e1199,contain
e1185,e1198,contain
e1185,e1197,contain
e1185,e1196,contain
e1185,e1194,contain
e1185,e1193,contain
e1185,e1257,contain
e1185,e1230,contain
e1185,e1220,contain
e1185,e1237,contain
e1185,e1211,contain
e1185,e1204,contain
e1185,e1213,contain
e1185,e1238,contain
e1185,e1209,contain
e1184,e1202,contain
e1184,e1232,contain
e1184,e1219,contain
e1184,e1218,contain
e1183,e1216,contain
e1183,e1241,contain
e1182,e1256,contain
e1182,e1246,contain
e1182,e1253,contain
e1182,e1249,contain
e1182,e1248,contain
e1182,e1225,contain
e1182,e1259,contain
e1182,e1191,contain
e1182,e1254,contain
e1182,e1226,contain
e1182,e1250,contain
e1182,e1251,contain
e1182,e1255,contain
e1181,e1260,contain
e1181,e1229,contain
e1180,e1262,contain
e1180,e1195,contain
e1180,e1261,contain
e1180,e1243,contain
e1180,e1240,contain
e798,e809,contain
e798,e812,contain
e797,e812,contain
e1137,e1158,contain
e1137,e1157,contain
e1137,e1154,contain
e1137,e1152,contain
e1137,e1159,contain
e1137,e1156,contain
e1137,e1155,contain
e1137,e1149,contain
e1137,e1151,contain
e1137,e1160,contain
e1137,e1165,contain
e708,e779,contain
e708,e778,contain
e708,e755,contain
e708,e749,contain
e708,e736,contain
e708,e735,contain
e708,e734,contain
e708,e733,contain
e708,e712,contain
e708,e747,contain
e708,e748,contain
e708,e745,contain
e710,e766,contain
e710,e728,contain
e710,e726,contain
e710,e725,contain
e710,e767,contain
e710,e764,contain
e710,e761,contain
e710,e760,contain
e710,e763,contain
e710,e762,contain
e710,e727,contain
e710,e724,contain
e710,e765,contain
e460,e463,contain
e557,e562,contain
e29,e232,contain
e29,e96,contain
e29,e213,contain
e29,e56,contain
e29,e265,contain
e29,e98,contain
e29,e123,contain
e28,e255,contain
e1824,e1831,contain
e1824,e1829,contain
e1824,e1828,contain
e1824,e1827,contain
e1824,e1842,contain
e1824,e1843,contain
e1824,e1840,contain
e1824,e1839,contain
e1824,e1838,contain
e1824,e1837,contain
e1824,e1835,contain
e1824,e1834,contain
e1824,e1833,contain
e1824,e1832,contain
e1824,e1826,contain
e1824,e1836,contain
e1824,e1830,contain
e1824,e1841,contain
e1050,e1066,contain
e1050,e1067,contain
e1050,e1060,contain
e1053,e1054,contain
e1053,e1068,contain
e1052,e1054,contain
e1052,e1051,contain
e1052,e1068,contain
e1950,e1951,contain
e1285,e1286,contain
e795,e796,contain
e1683,e1682,contain
e1324,e1326,contain
e1324,e1329,contain
e1324,e1327,contain
e1324,e1325,contain
e1324,e1328,contain
e1318,e1322,contain
e1318,e1323,contain
e1318,e1321,contain
e1318,e1320,contain
e1318,e1319,contain
e2183,e2184,contain
e2176,e2177,contain
e2171,e2174,contain
e2171,e2173,contain
e2171,e2172,contain
e2168,e2169,contain
e2161,e2162,contain
e1758,e1762,contain
e1758,e1761,contain
e1758,e1759,contain
e1758,e1760,contain
e2038,e2039,contain
e2033,e2037,contain
e2033,e2035,contain
e2033,e2034,contain
e2033,e2036,contain
e2003,e2008,contain
e2003,e2009,contain
e2003,e2006,contain
e2003,e2004,contain
e2003,e2005,contain
e2003,e2007,contain
e880,e883,contain
e880,e884,contain
e880,e882,contain
e880,e881,contain
e2024,e2026,contain
e2024,e2025,contain
e2013,e2014,contain
e1960,e1961,contain
e1960,e1963,contain
e1960,e1962,contain
e1960,e1959,contain
e1332,e1338,contain
e1332,e1337,contain
e1332,e1336,contain
e1332,e1335,contain
e1332,e1334,contain
e1332,e1333,contain
e1784,e1785,contain
e1784,e1786,contain
e1784,e1783,contain
e1747,e1748,contain
e1730,e1732,contain
e1730,e1734,contain
e1730,e1731,contain
e1730,e1733,contain
e759,e764,contain
e759,e761,contain
e759,e760,contain
e759,e763,contain
e759,e762,contain
e759,e765,contain
e746,e749,contain
e746,e747,contain
e746,e748,contain
e746,e745,contain
e723,e726,contain
e723,e725,contain
e723,e727,contain
e723,e724,contain
e1406,e1409,contain
e1406,e1405,contain
e1406,e1407,contain
e1406,e1408,contain
e1345,e1346,contain
e1343,e1344,contain
e1153,e1158,contain
e1153,e1157,contain
e1153,e1154,contain
e1153,e1159,contain
e1153,e1156,contain
e1153,e1155,contain
e1150,e1152,contain
e1150,e1151,contain
e1144,e1148,contain
e1144,e1147,contain
e1144,e1146,contain
e1144,e1145,contain
e890,e895,contain
e890,e894,contain
e890,e891,contain
e890,e896,contain
e890,e893,contain
e890,e892,contain
e886,e887,contain
e886,e889,contain
e886,e888,contain
e1099,e1100,contain
e1091,e1092,contain
e543,e544,contain
e541,e542,contain
e286,e285,contain
e286,e287,contain
e289,e291,contain
e289,e290,contain
e1559,e1560,contain
e1557,e1558,contain
e1554,e1555,contain
e1546,e1550,contain
e1546,e1549,contain
e1546,e1548,contain
e1546,e1547,contain
e1252,e1256,contain
e1252,e1253,contain
e1252,e1254,contain
e1252,e1251,contain
e1252,e1255,contain
e1247,e1246,contain
e1247,e1249,contain
e1247,e1248,contain
e1247,e1250,contain
e1224,e1225,contain
e1224,e1226,contain
e2016,e2020,contain
e2016,e2019,contain
e2016,e2018,contain
e2016,e2017,contain
e1432,e1438,contain
e1432,e1435,contain
e1432,e1436,contain
e1432,e1434,contain
e1432,e1433,contain
e1432,e1439,contain
e1432,e1437,contain
e2040,e2041,contain
e1001,e1003,contain
e1001,e1002,contain
e1001,e1004,contain
e561,e562,contain
e477,e478,contain
e477,e479,contain
e1798,e1799,contain
e354,e356,contain
e354,e355,contain
e1519,e1524,contain
e1519,e1523,contain
e1519,e1522,contain
e1519,e1521,contain
e1519,e1520,contain
e1371,e1372,contain
e1375,e1377,contain
e1375,e1376,contain
e1367,e1369,contain
e1367,e1368,contain
e1161,e1162,contain
e1161,e1164,contain
e1161,e1163,contain
e1110,e1112,contain
e1110,e1111,contain
e1617,e1616,contain
e1617,e1618,contain
e1629,e1631,contain
e1629,e1632,contain
e1629,e1630,contain
e1609,e1610,contain
e1462,e1463,contain
e1402,e1403,contain
e1398,e1399,contain
e1215,e1216,contain
e1740,e1741,contain
e1393,e1394,contain
e0,e1819,contain
e0,e2198,contain
e0,e2155,contain
e0,e553,contain
e0,e670,contain
e0,e1965,contain
e0,e871,contain
e0,e2062,contain
e0,e1679,contain
e0,e1584,contain
e0,e2067,contain
e0,e2145,contain
e0,e799,contain
e0,e2210,contain
e0,e1297,contain
e0,e1854,contain
e0,e1922,contain
e0,e1315,contain
e0,e593,contain
e0,e2073,contain
e0,e295,contain
e0,e797,contain
e0,e982,contain
e0,e911,contain
e0,e1994,contain
e0,e2094,contain
e0,e604,contain
e0,e783,contain
e0,e2089,contain
e0,e526,contain
e0,e817,contain
e0,e2053,contain
e0,e678,contain
e0,e313,contain
e0,e2133,contain
e0,e1890,contain
e0,e1665,contain
e0,e1807,contain
e0,e2109,contain
e0,e1932,contain
e0,e23,contain
e0,e2103,contain
e0,e1883,contain
e0,e1354,contain
e0,e1311,contain
e0,e1793,contain
e0,e1136,contain
e0,e864,contain
e0,e1182,contain
e0,e1564,contain
e0,e1824,contain
e0,e1971,contain
e0,e1878,contain
e0,e1944,contain
e0,e865,contain
e0,e2076,contain
e0,e903,contain
e0,e2139,contain
e0,e1184,contain
e0,e835,contain
e0,e1292,contain
e0,e1659,contain
e0,e1562,contain
e0,e1512,contain
e0,e877,contain
e0,e622,contain
e0,e321,contain
e0,e1945,contain
e0,e443,contain
e0,e674,contain
e0,e2,contain
e0,e907,contain
e0,e1936,contain
e0,e572,contain
e0,e1175,contain
e0,e645,contain
e0,e2217,contain
e0,e1823,contain
e0,e1039,contain
e0,e1391,contain
e0,e1340,contain
e0,e1052,contain
e0,e656,contain
e0,e1316,contain
e0,e1007,contain
e0,e1373,contain
e0,e819,contain
e0,e1284,contain
e0,e594,contain
e0,e878,contain
e0,e468,contain
e0,e557,contain
e0,e25,contain
e0,e941,contain
e0,e506,contain
e0,e1299,contain
e0,e2221,contain
e0,e29,contain
e0,e1544,contain
e0,e1479,contain
e0,e517,contain
e0,e591,contain
e0,e11,contain
e0,e989,contain
e0,e640,contain
e0,e684,contain
e0,e703,contain
e0,e1080,contain
e0,e630,contain
e0,e1105,contain
e0,e709,contain
e0,e801,contain
e0,e652,contain
e0,e876,contain
e0,e430,contain
e0,e2189,contain
e0,e1800,contain
e0,e707,contain
e0,e556,contain
e0,e16,contain
e0,e1265,contain
e0,e1167,contain
e0,e1795,contain
e0,e574,contain
e0,e512,contain
e0,e1602,contain
e0,e1050,contain
e0,e1037,contain
e0,e706,contain
e0,e21,contain
e0,e990,contain
e0,e532,contain
e0,e1880,contain
e0,e1367,contain
e0,e1141,contain
e0,e1492,contain
e0,e687,contain
e0,e1385,contain
e0,e1999,contain
e0,e1186,contain
e0,e1383,contain
e0,e433,contain
e0,e1845,contain
e0,e1968,contain
e0,e1078,contain
e0,e1597,contain
e0,e485,contain
e0,e996,contain
e0,e1053,contain
e0,e322,contain
e0,e1359,contain
e0,e1875,contain
e0,e643,contain
e0,e1103,contain
e0,e2064,contain
e0,e1008,contain
e0,e824,contain
e0,e847,contain
e0,e602,contain
e0,e1411,contain
e0,e1044,contain
e0,e1998,contain
e0,e798,contain
e0,e1183,contain
e0,e2158,contain
e0,e1537,contain
e0,e832,contain
e0,e930,contain
e0,e1683,contain
e0,e481,contain
e0,e466,contain
e0,e1413,contain
e0,e1897,contain
e0,e2060,contain
e0,e853,contain
e0,e1181,contain
e0,e1816,contain
e0,e1178,contain
e0,e959,contain
e0,e1926,contain
e0,e1901,contain
e0,e1516,contain
e0,e459,contain
e0,e1185,contain
e0,e1674,contain
e0,e1869,contain
e0,e1496,contain
e0,e474,contain
e0,e1423,contain
e0,e1283,contain
e0,e1358,contain
e0,e460,contain
e0,e1860,contain
e0,e856,contain
e0,e1954,contain
e0,e284,contain
e0,e17,contain
e0,e954,contain
e0,e793,contain
e0,e1857,contain
e0,e1910,contain
e0,e1667,contain
e0,e1104,contain
e0,e1680,contain
e0,e1955,contain
e0,e274,contain
e0,e787,contain
e0,e1273,contain
e0,e471,contain
e0,e1506,contain
e0,e521,contain
e0,e1488,contain
e0,e999,contain
e0,e1930,contain
e0,e1681,contain
e0,e452,contain
e0,e1074,contain
e0,e1351,contain
e0,e1089,contain
e0,e1939,contain
e0,e1678,contain
e0,e1137,contain
e0,e879,contain
e0,e1543,contain
e0,e1508,contain
e0,e1416,contain
e0,e708,contain
e0,e1304,contain
e0,e710,contain
e0,e1083,contain
e0,e28,contain
e0,e1378,contain
e0,e292,contain
e0,e671,contain
e0,e1847,contain
e0,e1285,contain
e0,e948,contain
e0,e1950,contain
e0,e2091,contain
e0,e1797,contain
e0,e1490,contain
e0,e1949,contain
e0,e1102,contain
e0,e1566,contain
e0,e951,contain
e0,e1906,contain
e0,e700,contain
e0,e1000,contain
e0,e904,contain
e0,e612,contain
e0,e624,contain
e0,e1504,contain
e0,e282,contain
e0,e1075,contain
e0,e839,contain
e0,e795,contain
e0,e1047,contain
e0,e646,contain
e0,e446,contain
e0,e581,contain
e0,e1180,contain
e0,e1347,contain
e0,e2100,contain
e0,e534,contain
e0,e1661,contain
e0,e695,contain
e0,e1916,contain
e0,e1381,contain
e0,e842,contain
e0,e301,contain
e0,e1140,contain
e0,e1370,contain
e0,e944,contain
e0,e617,contain
e0,e1601,contain
e0,e278,contain
e0,e438,contain
e0,e1495,contain
e0,e1139,contain
e0,e659,contain
e0,e800,contain
e0,e638,contain
e0,e1451,contain
e0,e573,contain
e0,e1142,contain
e0,e945,contain
e0,e2128,contain
e0,e2192,contain
e0,e597,contain
e0,e283,contain
e0,e829,contain
e0,e571,contain
e0,e440,contain
e0,e1541,contain
e0,e914,contain
e0,e1331,contain
e0,e320,contain
e0,e1600,contain
e0,e963,contain
e0,e897,contain
e0,e1571,contain
e0,e1985,contain
e0,e782,contain
e0,e1499,contain
e0,e1281,contain
e0,e936,contain
e0,e1085,contain
e0,e475,contain
e0,e4,contain
e0,e1574,contain
e0,e605,contain
e0,e1341,contain
e0,e1920,contain
e0,e927,contain
e0,e1863,contain
e0,e1849,contain
e0,e533,contain
e0,e691,contain
